param,value
mu,25.981419051208377
s,3.529363245380864
